Identifier,Response,Web Search Sources,Time Taken,Input Tokens,Reasoning Tokens,Output Tokens,Reasoning Effort,Error Log,Response IDs,Successful
7828ea6d_batch0,"[""{\n  \""dependent_coverage\"": 90,\n  \""overall_generosity\"": 85,\n  \""additional_benefits\"": 85,\n  \""employer_cost_share\"": 100,\n  \""coverage_breadth\"": 92\n}""]",,19.657235383987427,34986,1600,1687,,[],['resp_0b3cd8f97db7eba10069989e0c0ed08190bafd4da96896e23d'],True
f02aa9fd_batch0,"[""{\n\t\""employer_cost_share\"": 60,\n\t\""dependent_coverage\"": 90,\n\t\""coverage_breadth\"": 90,\n\t\""overall_generosity\"": 85,\n\t\""additional_benefits\"": 75\n}""]",,26.596171855926514,28418,2240,2308,,[],['resp_0f75872b7e8c0a3a0069989e08c3e08196a9e619e3563330c6'],True
6b122751_batch0,"[""{\n  \""coverage_breadth\"": 84,\n  \""employer_cost_share\"": 72,\n  \""overall_generosity\"": 78,\n  \""additional_benefits\"": 70,\n  \""dependent_coverage\"": 90\n}""]",,28.66998291015625,51829,2304,2367,,[],['resp_08c45d3be84acc4f0069989e08d1e88190b67d1c27200a526c'],True
41fc7706_batch0,"[""{\n  \""additional_benefits\"": 75,\n  \""employer_cost_share\"": 85,\n  \""dependent_coverage\"": 90,\n  \""overall_generosity\"": 90,\n  \""coverage_breadth\"": 92\n}""]",,29.407254219055176,28662,2304,2387,,[],['resp_0228943a8c9ad2700069989e08bc7881968634d9cbba7769b0'],True
fba53a5f_batch0,"[""{\n\t\""coverage_breadth\"": 85,\n\t\""additional_benefits\"": 78,\n\t\""overall_generosity\"": 88,\n\t\""dependent_coverage\"": 90,\n\t\""employer_cost_share\"": 90\n}""]",,26.292793035507202,48650,1920,2034,,[],['resp_01cf114138e372d70069989e112db481909ef90107e6ea990c'],True
8c59bca6_batch0,"[""{\n  \""coverage_breadth\"": 60,\n  \""overall_generosity\"": 40,\n  \""employer_cost_share\"": 0,\n  \""additional_benefits\"": 0,\n  \""dependent_coverage\"": 100\n}""]",,16.957406997680664,18669,1344,1404,,[],['resp_0e8995dcfa150cc80069989e1f9d9c81938e8151daa561bf1b'],True
4588158d_batch0,"[""{\n  \""additional_benefits\"": 0,\n  \""overall_generosity\"": 40,\n  \""dependent_coverage\"": 0,\n  \""employer_cost_share\"": 0,\n  \""coverage_breadth\"": 0\n}""]",,16.027318954467773,15898,1280,1372,,[],['resp_02e3e2982b4f272c0069989e25012c8194a50d64a04a656c6a'],True
e25866cf_batch0,"[""{\n  \""coverage_breadth\"": 90,\n  \""overall_generosity\"": 85,\n  \""additional_benefits\"": 75,\n  \""employer_cost_share\"": 30,\n  \""dependent_coverage\"": 95\n}""]",,36.99343419075012,20615,3072,3188,,[],['resp_01c3f87dc88b67f30069989e1891148194a93f4446d7fd6aba'],True
d346416a_batch0,"[""{\n  \""coverage_breadth\"": 60,\n  \""overall_generosity\"": 85,\n  \""additional_benefits\"": 0,\n  \""dependent_coverage\"": 0,\n  \""employer_cost_share\"": 100\n}""]",,16.80058002471924,20128,1536,1613,,[],['resp_0b2108a6846ae63b0069989e3d5c088194bc057d022fe1b38a'],True
3eb14800_batch0,"[""{\n  \""dependent_coverage\"": 90,\n  \""overall_generosity\"": 35,\n  \""coverage_breadth\"": 40,\n  \""employer_cost_share\"": 0,\n  \""additional_benefits\"": 60\n}""]",,29.697086095809937,30282,2816,2906,,[],['resp_0fab5e380a2d556c0069989e34c82c8196968c32926317cd2c'],True
9e37bc07_batch0,"[""{\n  \""dependent_coverage\"": 85,\n  \""overall_generosity\"": 78,\n  \""additional_benefits\"": 62,\n  \""coverage_breadth\"": 75,\n  \""employer_cost_share\"": 92\n}""]",,40.85915780067444,13258,3520,3625,,[],['resp_0f47480bea86df780069989e2b4ecc8193a338eda250bf66bd'],True
f8fbe273_batch0,"[""{\n  \""employer_cost_share\"": 60,\n  \""dependent_coverage\"": 0,\n  \""coverage_breadth\"": 65,\n  \""additional_benefits\"": 60,\n  \""overall_generosity\"": 65\n}""]",,22.804242849349976,19932,1856,1974,,[],['resp_086038f87065a4e50069989e45bd4481949709a309d3939f79'],True
ee2ae3cb_batch0,"[""{\n  \""additional_benefits\"": 75,\n  \""employer_cost_share\"": 90,\n  \""dependent_coverage\"": 70,\n  \""coverage_breadth\"": 50,\n  \""overall_generosity\"": 85\n}""]",,25.35618567466736,22006,2048,2132,,[],['resp_0256b335bf2a34770069989e4edb608196afdd989ec43a4a17'],True
2d60cf9d_batch0,"[""{\n  \""additional_benefits\"": 0,\n  \""overall_generosity\"": 90,\n  \""employer_cost_share\"": 100,\n  \""dependent_coverage\"": 100,\n  \""coverage_breadth\"": 90\n}""]",,20.042147874832153,14664,1664,1741,,[],['resp_047937be5c5775080069989e55692481979eab3d13b0052233'],True
633dab55_batch0,"[""{\n  \""employer_cost_share\"": 0,\n  \""dependent_coverage\"": 0,\n  \""coverage_breadth\"": 25,\n  \""overall_generosity\"": 20,\n  \""additional_benefits\"": 0\n}""]",,19.348203897476196,2663,1600,1709,,[],['resp_0cc113dc9edc77f00069989e5c763c8190a4f34a5b1ee79bec'],True
694aa4ce_batch0,"[""{\n  \""coverage_breadth\"": 25,\n  \""additional_benefits\"": 0,\n  \""dependent_coverage\"": 0,\n  \""overall_generosity\"": 28,\n  \""employer_cost_share\"": 0\n}""]",,16.6496160030365,9668,1344,1433,,[],['resp_0def57df2d4210870069989e6dde7c8190aaf426a36a7c6765'],True
8bc66d13_batch0,"[""{\n  \""employer_cost_share\"": 85,\n  \""dependent_coverage\"": 90,\n  \""coverage_breadth\"": 70,\n  \""overall_generosity\"": 80,\n  \""additional_benefits\"": 0\n}""]",,24.164083003997803,4342,2304,2367,,[],['resp_0e58bd0b89c17c340069989e696e30819384d5a93433740459'],True
8c2921d1_batch0,"[""{\n  \""coverage_breadth\"": 85,\n  \""dependent_coverage\"": 90,\n  \""employer_cost_share\"": 85,\n  \""overall_generosity\"": 80,\n  \""additional_benefits\"": 70\n}""]",,33.1968560218811,36536,2880,2953,,[],['resp_00420f908eaba86f0069989e663ca48197a51d3528cf1866da'],True
41fc7706_batch0_run2,"[""{\n  \""dependent_coverage\"": 90,\n  \""employer_cost_share\"": 95,\n  \""overall_generosity\"": 90,\n  \""additional_benefits\"": 85,\n  \""coverage_breadth\"": 94\n}""]",,27.45846700668335,28662,2368,2475,,[],['resp_0ac0a6946c6c83e60069989e797728819380c79dac7a63941c'],True
f02aa9fd_batch0_run2,"[""{\n  \""coverage_breadth\"": 86,\n  \""employer_cost_share\"": 87,\n  \""overall_generosity\"": 85,\n  \""dependent_coverage\"": 92,\n  \""additional_benefits\"": 70\n}""]",,24.727201223373413,28418,2368,2434,,[],['resp_07527ace7e25e7ba0069989e84ca6c8190b2358f96ef3e1a79'],True
7828ea6d_batch0_run2,"[""{\n  \""dependent_coverage\"": 95,\n  \""employer_cost_share\"": 92,\n  \""additional_benefits\"": 88,\n  \""overall_generosity\"": 90,\n  \""coverage_breadth\"": 93\n}""]",,23.60128092765808,34986,2368,2480,,[],['resp_08b2fd51b3e3cde70069989e92a634819599813522fefd58f2'],True
e25866cf_batch0_run2,"[""{\n  \""coverage_breadth\"": 88,\n  \""overall_generosity\"": 78,\n  \""additional_benefits\"": 65,\n  \""employer_cost_share\"": 12,\n  \""dependent_coverage\"": 92\n}""]",,36.23520493507385,20615,2624,2731,,[],['resp_0ffd7d40d10a1a8a0069989ea787148194810d945b569dcae1'],True
10fdb2a6_batch0,"[""{\n  \""dependent_coverage\"": 100,\n  \""coverage_breadth\"": 92,\n  \""additional_benefits\"": 75,\n  \""employer_cost_share\"": 100,\n  \""overall_generosity\"": 90\n}""]",,27.73016929626465,37574,2560,2645,,[],['resp_05139914f243de410069989eaa2b8c8197be0126d52bf032f5'],True
8c59bca6_batch0_run2,"[""{\n  \""coverage_breadth\"": 40,\n  \""overall_generosity\"": 50,\n  \""employer_cost_share\"": 0,\n  \""additional_benefits\"": 25,\n  \""dependent_coverage\"": 90\n}""]",,26.173140048980713,18669,2432,2509,,[],['resp_0a56b7fefcce6b4c0069989eb248f48197ad2d0407bbf6500c'],True
4588158d_batch0_run2,"[""{\n  \""additional_benefits\"": 0,\n  \""overall_generosity\"": 25,\n  \""dependent_coverage\"": 0,\n  \""employer_cost_share\"": 0,\n  \""coverage_breadth\"": 0\n}""]",,22.20487093925476,15898,2496,2569,,[],['resp_01cfc532f43989320069989ec1c28081938eb584973aa7d3bc'],True
45c7a9fe_batch0,"[""{\n  \""employer_cost_share\"": 65,\n  \""dependent_coverage\"": 85,\n  \""additional_benefits\"": 60,\n  \""overall_generosity\"": 70,\n  \""coverage_breadth\"": 75\n}""]",,20.471029043197632,47356,1792,1870,,[],['resp_082d11b66043e59c0069989eca428081978fa6e8fe25e235c0'],True
3eb14800_batch0_run2,"[""{\n  \""dependent_coverage\"": 70,\n  \""overall_generosity\"": 40,\n  \""coverage_breadth\"": 20,\n  \""employer_cost_share\"": 0,\n  \""additional_benefits\"": 25\n}""]",,14.617369174957275,30282,1536,1605,,[],['resp_0b5688a3a4089d430069989ed69dbc8194bb5715b7dfda27a3'],True
9e37bc07_batch0_run2,"[""{\n  \""dependent_coverage\"": 85,\n  \""overall_generosity\"": 80,\n  \""additional_benefits\"": 60,\n  \""coverage_breadth\"": 70,\n  \""employer_cost_share\"": 74\n}""]",,25.6441171169281,13258,3008,3120,,[],['resp_02da296355996cf20069989edcb9e08196b8db413778504b40'],True
d346416a_batch0_run2,"[""{\n  \""coverage_breadth\"": 40,\n  \""overall_generosity\"": 70,\n  \""additional_benefits\"": 0,\n  \""dependent_coverage\"": 0,\n  \""employer_cost_share\"": 100\n}""]",,19.371904850006104,20128,2240,2321,,[],['resp_03789b87b14c628b0069989ee57fb48194a486fd64b6ee0a76'],True
8c2921d1_batch0_run2,"[""{\n  \""coverage_breadth\"": 75,\n  \""dependent_coverage\"": 90,\n  \""employer_cost_share\"": 95,\n  \""overall_generosity\"": 92,\n  \""additional_benefits\"": 40\n}""]",,16.723835229873657,36536,1664,1756,,[],['resp_06c09250fff4c4b30069989ef41a648195be27fe80bb325b2d'],True
f8fbe273_batch0_run2,"[""{\n  \""employer_cost_share\"": 70,\n  \""dependent_coverage\"": 0,\n  \""coverage_breadth\"": 60,\n  \""additional_benefits\"": 0,\n  \""overall_generosity\"": 55\n}""]",,16.489686965942383,19932,1600,1656,,[],['resp_09b41989d298d57f0069989efcae488196a72da3803d09116f'],True
2d60cf9d_batch0_run2,"[""{\n\t\""additional_benefits\"": 0,\n\t\""overall_generosity\"": 90,\n\t\""employer_cost_share\"": 100,\n\t\""dependent_coverage\"": 100,\n\t\""coverage_breadth\"": 85\n}""]",,18.685946941375732,14664,1984,2085,,[],['resp_014072dd81db26670069989f0d278c8190a0881f4c6e1b5abd'],True
ee2ae3cb_batch0_run2,"[""{\n  \""additional_benefits\"": 60,\n  \""employer_cost_share\"": 95,\n  \""dependent_coverage\"": 70,\n  \""coverage_breadth\"": 65,\n  \""overall_generosity\"": 85\n}""]",,29.181369066238403,22006,3264,3359,,[],['resp_033a568b1c1a87f00069989f061ebc81908fa496a0043ed043'],True
633dab55_batch0_run2,"[""{\n  \""dependent_coverage\"": 0,\n  \""coverage_breadth\"": 10,\n  \""employer_cost_share\"": 0,\n  \""additional_benefits\"": 0,\n  \""overall_generosity\"": 25\n}""]",,13.559698104858398,2663,1664,1760,,[],['resp_0c4890ef1a7b091e0069989f1fcd848195b6bb9680f5979449'],True
10fdb2a6_batch0_run2,"[""{\n  \""dependent_coverage\"": 100,\n  \""coverage_breadth\"": 92,\n  \""additional_benefits\"": 70,\n  \""employer_cost_share\"": 100,\n  \""overall_generosity\"": 92\n}""]",,20.307554960250854,37574,2304,2390,,[],['resp_0ee21c14729fa6a90069989f1bcacc81968eec827b4c43c60e'],True
694aa4ce_batch0_run2,"[""{\n  \""coverage_breadth\"": 25,\n  \""additional_benefits\"": 10,\n  \""dependent_coverage\"": 0,\n  \""overall_generosity\"": 22,\n  \""employer_cost_share\"": 0\n}""]",,15.63201379776001,9668,1792,1876,,[],['resp_001a18a63adb35480069989f23d6588194b6a8f5e347b5abf9'],True
8bc66d13_batch0_run2,"[""{\n  \""employer_cost_share\"": 85,\n  \""dependent_coverage\"": 90,\n  \""coverage_breadth\"": 90,\n  \""overall_generosity\"": 90,\n  \""additional_benefits\"": 25\n}""]",,23.21553111076355,4342,2944,3052,,[],['resp_07486a000c12ce9a0069989f2d5d7481949c56c1ff7d39f4ba'],True
45c7a9fe_batch0_run2,"[""{\n  \""employer_cost_share\"": 60,\n  \""dependent_coverage\"": 90,\n  \""additional_benefits\"": 20,\n  \""overall_generosity\"": 75,\n  \""coverage_breadth\"": 85\n}""]",,20.230255842208862,47356,2048,2122,,[],['resp_0c50e09dd436dd530069989f38bc408194832c1cc081a685c1'],True
f02aa9fd_batch0_run3,"[""{\n  \""coverage_breadth\"": 90,\n  \""employer_cost_share\"": 25,\n  \""overall_generosity\"": 85,\n  \""dependent_coverage\"": 95,\n  \""additional_benefits\"": 70\n}""]",,16.82071089744568,28418,2048,2121,,[],['resp_0abd0cea2efe7c470069989f44a5c48197905ce47dc06417ca'],True
7828ea6d_batch0_run3,"[""{\n  \""dependent_coverage\"": 95,\n  \""overall_generosity\"": 92,\n  \""additional_benefits\"": 85,\n  \""employer_cost_share\"": 90,\n  \""coverage_breadth\"": 90\n}""]",,19.028955936431885,34986,1920,1976,,[],['resp_0ed434286969c32c0069989f524aa48196abd99f6635e5d9f6'],True
6b122751_batch0_run2,"[""{\n  \""coverage_breadth\"": 90,\n  \""employer_cost_share\"": 60,\n  \""overall_generosity\"": 85,\n  \""additional_benefits\"": 72,\n  \""dependent_coverage\"": 92\n}""]",,19.38014006614685,51829,2304,2394,,[],['resp_0f07d5afb2170ed10069989f94449881979bdffa94789e7623'],True
8c59bca6_batch0_run3,"[""{\n  \""coverage_breadth\"": 60,\n  \""overall_generosity\"": 20,\n  \""employer_cost_share\"": 0,\n  \""additional_benefits\"": 0,\n  \""dependent_coverage\"": 100\n}""]",,10.402030944824219,18669,1472,1554,,[],['resp_0384511de65a8aca0069989fa777c4819591b01d1ccbfde18e'],True
4588158d_batch0_run3,"[""{\n  \""employer_cost_share\"": 0,\n  \""dependent_coverage\"": 0,\n  \""coverage_breadth\"": 0,\n  \""overall_generosity\"": 0,\n  \""additional_benefits\"": 0\n}""]",,7.5563108921051025,15898,960,1071,,[],['resp_04a61fecd6d6c4850069989fb762a081949d00e8741c3cf489'],True
6b122751_batch0_run3,"[""{\n  \""coverage_breadth\"": 85,\n  \""employer_cost_share\"": 70,\n  \""overall_generosity\"": 90,\n  \""additional_benefits\"": 75,\n  \""dependent_coverage\"": 92\n}""]",,15.940320014953613,51829,1984,2055,,[],['resp_0ee63dc6a3e436390069989fb065008193a2f91e770cbed662'],True
9e37bc07_batch0_run3,"[""{\n  \""dependent_coverage\"": 78,\n  \""overall_generosity\"": 85,\n  \""additional_benefits\"": 72,\n  \""coverage_breadth\"": 78,\n  \""employer_cost_share\"": 80\n}""]",,17.568319082260132,13258,2624,2719,,[],['resp_0cdf8df1ed4b7bb60069989fc3161481959c6c5330301b61c0'],True
3eb14800_batch0_run3,"[""{\n  \""dependent_coverage\"": 85,\n  \""overall_generosity\"": 40,\n  \""coverage_breadth\"": 25,\n  \""employer_cost_share\"": 15,\n  \""additional_benefits\"": 10\n}""]",,13.502526998519897,30282,1728,1824,,[],['resp_08a85174ae2311140069989fc9c0088197baa594f1764c9cf3'],True
d346416a_batch0_run3,"[""{\n  \""coverage_breadth\"": 40,\n  \""overall_generosity\"": 60,\n  \""additional_benefits\"": 40,\n  \""dependent_coverage\"": 0,\n  \""employer_cost_share\"": 100\n}""]",,19.656765937805176,20128,2688,2784,,[],['resp_03802fe4b330d4cb0069989fd4b57881968a057037f4573e32'],True
f8fbe273_batch0_run3,"[""{\n  \""employer_cost_share\"": 0,\n  \""dependent_coverage\"": 0,\n  \""coverage_breadth\"": 78,\n  \""additional_benefits\"": 25,\n  \""overall_generosity\"": 68\n}""]",,19.45025396347046,19932,2432,2505,,[],['resp_0353f1c43971b7850069989fdabc9881908f16d5b7781e0a5a'],True
ee2ae3cb_batch0_run3,"[""{\n  \""additional_benefits\"": 25,\n  \""employer_cost_share\"": 85,\n  \""dependent_coverage\"": 70,\n  \""coverage_breadth\"": 60,\n  \""overall_generosity\"": 85\n}""]",,26.03576111793518,22006,2432,2546,,[],['resp_00d58fd837ee7c210069989fe6850c819487a2ee6445388dac'],True
2d60cf9d_batch0_run3,"[""{\n  \""overall_generosity\"": 85,\n  \""employer_cost_share\"": 100,\n  \""additional_benefits\"": 20,\n  \""coverage_breadth\"": 92,\n  \""dependent_coverage\"": 100\n}""]",,19.09245491027832,14664,2176,2246,,[],['resp_0cacd6acd80c35690069989fef617c81938d4f31cc0f6b2f9f'],True
633dab55_batch0_run3,"[""{\n  \""dependent_coverage\"": 0,\n  \""coverage_breadth\"": 25,\n  \""employer_cost_share\"": 25,\n  \""additional_benefits\"": 0,\n  \""overall_generosity\"": 35\n}""]",,11.40524697303772,2663,1216,1299,,[],['resp_048c3b34ddbc80f20069989ffdfcdc819588b566f4c719d268'],True
8c2921d1_batch0_run3,"[""{\n  \""coverage_breadth\"": 75,\n  \""dependent_coverage\"": 90,\n  \""employer_cost_share\"": 92,\n  \""overall_generosity\"": 83,\n  \""additional_benefits\"": 28\n}""]",,18.735581874847412,36536,1664,1741,,[],['resp_0b5392f6e91ba1a10069989ff9469c81949df305d0fd28279d'],True
694aa4ce_batch0_run3,"[""{\n  \""coverage_breadth\"": 25,\n  \""additional_benefits\"": 0,\n  \""dependent_coverage\"": 0,\n  \""overall_generosity\"": 35,\n  \""employer_cost_share\"": 40\n}""]",,24.41746997833252,9668,2432,2516,,[],['resp_03c914fe16d3d079006998a0014c8481969435e487d4891ad8'],True
8bc66d13_batch0_run3,"[""{\n  \""dependent_coverage\"": 88,\n  \""overall_generosity\"": 80,\n  \""coverage_breadth\"": 65,\n  \""employer_cost_share\"": 85,\n  \""additional_benefits\"": 70\n}""]",,20.23670196533203,4342,2048,2143,,[],['resp_06f5039e23f2152f006998a009670c8196acc214eca1621f93'],True
41fc7706_batch0_run3,"[""{\n  \""dependent_coverage\"": 95,\n  \""employer_cost_share\"": 90,\n  \""overall_generosity\"": 85,\n  \""additional_benefits\"": 78,\n  \""coverage_breadth\"": 95\n}""]",,17.91579508781433,28662,1728,1838,,[],['resp_0a9f93efd971bc4e006998a00f235481979bde4ab0f3d88354'],True
e25866cf_batch0_run3,"[""{\n\t\""coverage_breadth\"": 89,\n\t\""overall_generosity\"": 73,\n\t\""additional_benefits\"": 26,\n\t\""employer_cost_share\"": 61,\n\t\""dependent_coverage\"": 94\n}""]",,38.85897898674011,20615,3648,3743,,"[""API call timed out after 92.4835854768753 s"", ""OpenAI client timed out; consider reducing concurrency. Details: API call timed out after 92.4835854768753 s (elapsed 92.88s)""]",['resp_0ee91a3dce80df02006998a019bc4c81959af3ff1f9d62c436'],True
10fdb2a6_batch0_run3,"[""{\n  \""dependent_coverage\"": 90,\n  \""coverage_breadth\"": 93,\n  \""additional_benefits\"": 95,\n  \""employer_cost_share\"": 100,\n  \""overall_generosity\"": 92\n}""]",,27.545224905014038,37574,2240,2359,,[],['resp_05930a214f469b67006998a026c4108195ae615229757ada1a'],True
45c7a9fe_batch0_run3,"[""{\n  \""employer_cost_share\"": 70,\n  \""dependent_coverage\"": 85,\n  \""additional_benefits\"": 65,\n  \""overall_generosity\"": 75,\n  \""coverage_breadth\"": 80\n}""]",,28.353344202041626,47356,1792,1909,,[],['resp_01bca3aa00cc5c31006998a03b68248197940ec3c586b2cc80'],True
fba53a5f_batch0_run3,"[""{\n  \""coverage_breadth\"": 85,\n  \""additional_benefits\"": 70,\n  \""overall_generosity\"": 72,\n  \""dependent_coverage\"": 90,\n  \""employer_cost_share\"": 70\n}""]",,19.4197781085968,48650,1472,1564,,"[""API call timed out after 92.4835854768753 s"", ""OpenAI client timed out; consider reducing concurrency. Details: API call timed out after 92.4835854768753 s (elapsed 92.66s)""]",['resp_0c36e00805fa65cd006998a04ba01c819694c0a45d9a0ed3a3'],True
fba53a5f_batch0_run2,"[""{\n  \""coverage_breadth\"": 90,\n  \""additional_benefits\"": 70,\n  \""overall_generosity\"": 70,\n  \""dependent_coverage\"": 90,\n  \""employer_cost_share\"": 85\n}""]",,29.65294575691223,48650,2432,2509,,"[""API call timed out after 92.4835854768753 s"", ""OpenAI client timed out; consider reducing concurrency. Details: API call timed out after 92.4835854768753 s (elapsed 92.74s)""]",['resp_04505a8f20a43a6c006998a05e56f48193828b8c0f0b695f58'],True
